{
  "/plan" : {
    "transaction" : "/plan",
    "sampleCount" : 2299,
    "errorCount" : 242,
    "errorPct" : 10.526316,
    "meanResTime" : 440.9238799478037,
    "medianResTime" : 324.0,
    "minResTime" : 223.0,
    "maxResTime" : 9173.0,
    "pct1ResTime" : 626.0,
    "pct2ResTime" : 1092.0,
    "pct3ResTime" : 2636.0,
    "throughput" : 4.670884481448523,
    "receivedKBytesPerSec" : 25.24700306393464,
    "sentKBytesPerSec" : 0.5291236326640905
  },
  "/auth" : {
    "transaction" : "/auth",
    "sampleCount" : 2343,
    "errorCount" : 1452,
    "errorPct" : 61.971832,
    "meanResTime" : 1581.3030303030298,
    "medianResTime" : 761.0,
    "minResTime" : 527.0,
    "maxResTime" : 228094.0,
    "pct1ResTime" : 1694.1999999999998,
    "pct2ResTime" : 2412.3999999999937,
    "pct3ResTime" : 6342.319999999999,
    "throughput" : 4.369035231989617,
    "receivedKBytesPerSec" : 23.56095746996871,
    "sentKBytesPerSec" : 0.49260615841901717
  },
  "/add-trip" : {
    "transaction" : "/add-trip",
    "sampleCount" : 5453,
    "errorCount" : 4811,
    "errorPct" : 88.22666,
    "meanResTime" : 1167.8930863744654,
    "medianResTime" : 724.0,
    "minResTime" : 231.0,
    "maxResTime" : 206204.0,
    "pct1ResTime" : 1587.0,
    "pct2ResTime" : 2150.0,
    "pct3ResTime" : 5509.120000000004,
    "throughput" : 10.109586958577205,
    "receivedKBytesPerSec" : 54.54686235548463,
    "sentKBytesPerSec" : 1.1803720274236218
  },
  "Total" : {
    "transaction" : "Total",
    "sampleCount" : 15472,
    "errorCount" : 8692,
    "errorPct" : 56.178905,
    "meanResTime" : 956.579498448806,
    "medianResTime" : 611.0,
    "minResTime" : 216.0,
    "maxResTime" : 229291.0,
    "pct1ResTime" : 1257.0,
    "pct2ResTime" : 1879.3499999999985,
    "pct3ResTime" : 4298.860000000008,
    "throughput" : 28.665813164559776,
    "receivedKBytesPerSec" : 154.75659868544773,
    "sentKBytesPerSec" : 3.3472067472213323
  },
  "/travel-persona" : {
    "transaction" : "/travel-persona",
    "sampleCount" : 3101,
    "errorCount" : 1800,
    "errorPct" : 58.04579,
    "meanResTime" : 881.8935827152536,
    "medianResTime" : 593.0,
    "minResTime" : 216.0,
    "maxResTime" : 229291.0,
    "pct1ResTime" : 1257.8000000000002,
    "pct2ResTime" : 1906.2999999999975,
    "pct3ResTime" : 4386.320000000001,
    "throughput" : 5.7568888666113445,
    "receivedKBytesPerSec" : 31.08815965608576,
    "sentKBytesPerSec" : 0.7069965936241667
  },
  "/profile" : {
    "transaction" : "/profile",
    "sampleCount" : 2276,
    "errorCount" : 387,
    "errorPct" : 17.003515,
    "meanResTime" : 429.81019332161736,
    "medianResTime" : 321.0,
    "minResTime" : 226.0,
    "maxResTime" : 4612.0,
    "pct1ResTime" : 595.3000000000002,
    "pct2ResTime" : 1000.1500000000001,
    "pct3ResTime" : 2541.69,
    "throughput" : 4.63663717499231,
    "receivedKBytesPerSec" : 25.053963964457203,
    "sentKBytesPerSec" : 0.5388279529532078
  }
}