{
  "/plan" : {
    "transaction" : "/plan",
    "sampleCount" : 584,
    "errorCount" : 18,
    "errorPct" : 3.0821917,
    "meanResTime" : 342.7380136986305,
    "medianResTime" : 265.0,
    "minResTime" : 222.0,
    "maxResTime" : 8097.0,
    "pct1ResTime" : 341.5,
    "pct2ResTime" : 402.75,
    "pct3ResTime" : 4137.399999999989,
    "throughput" : 2.533479673597584,
    "receivedKBytesPerSec" : 13.698505480168146,
    "sentKBytesPerSec" : 0.28699574427472635
  },
  "/auth" : {
    "transaction" : "/auth",
    "sampleCount" : 594,
    "errorCount" : 67,
    "errorPct" : 11.279461,
    "meanResTime" : 698.5909090909092,
    "medianResTime" : 574.0,
    "minResTime" : 505.0,
    "maxResTime" : 7818.0,
    "pct1ResTime" : 767.5,
    "pct2ResTime" : 934.75,
    "pct3ResTime" : 5659.4999999999,
    "throughput" : 2.55128337284816,
    "receivedKBytesPerSec" : 13.796952714282032,
    "sentKBytesPerSec" : 0.2890125695804556
  },
  "/add-trip" : {
    "transaction" : "/add-trip",
    "sampleCount" : 1383,
    "errorCount" : 1192,
    "errorPct" : 86.189445,
    "meanResTime" : 674.8973246565438,
    "medianResTime" : 567.0,
    "minResTime" : 227.0,
    "maxResTime" : 8813.0,
    "pct1ResTime" : 747.0,
    "pct2ResTime" : 962.5999999999999,
    "pct3ResTime" : 7742.720000000001,
    "throughput" : 5.850823049619887,
    "receivedKBytesPerSec" : 31.632127583796223,
    "sentKBytesPerSec" : 0.6856433261273305
  },
  "Total" : {
    "transaction" : "Total",
    "sampleCount" : 3926,
    "errorCount" : 1690,
    "errorPct" : 43.046356,
    "meanResTime" : 564.5601120733569,
    "medianResTime" : 540.5,
    "minResTime" : 217.0,
    "maxResTime" : 63460.0,
    "pct1ResTime" : 637.0,
    "pct2ResTime" : 859.6499999999996,
    "pct3ResTime" : 4632.41,
    "throughput" : 14.169857832221089,
    "receivedKBytesPerSec" : 76.6121488383225,
    "sentKBytesPerSec" : 1.658084111875467
  },
  "/travel-persona" : {
    "transaction" : "/travel-persona",
    "sampleCount" : 787,
    "errorCount" : 403,
    "errorPct" : 51.207115,
    "meanResTime" : 607.5540025412962,
    "medianResTime" : 523.0,
    "minResTime" : 217.0,
    "maxResTime" : 63460.0,
    "pct1ResTime" : 630.2,
    "pct2ResTime" : 886.7999999999997,
    "pct3ResTime" : 5012.520000000002,
    "throughput" : 2.8703247807137515,
    "receivedKBytesPerSec" : 15.512621496434889,
    "sentKBytesPerSec" : 0.352735721319547
  },
  "/profile" : {
    "transaction" : "/profile",
    "sampleCount" : 578,
    "errorCount" : 10,
    "errorPct" : 1.7301039,
    "meanResTime" : 328.39619377162643,
    "medianResTime" : 261.0,
    "minResTime" : 221.0,
    "maxResTime" : 7373.0,
    "pct1ResTime" : 331.1,
    "pct2ResTime" : 363.0999999999999,
    "pct3ResTime" : 4223.01000000001,
    "throughput" : 2.5202206283110598,
    "receivedKBytesPerSec" : 13.631504427009528,
    "sentKBytesPerSec" : 0.2928772019228673
  }
}