{
  "/plan" : {
    "transaction" : "/plan",
    "sampleCount" : 6,
    "errorCount" : 4,
    "errorPct" : 66.666664,
    "meanResTime" : 759.0,
    "medianResTime" : 647.5,
    "minResTime" : 379.0,
    "maxResTime" : 1734.0,
    "pct1ResTime" : 1734.0,
    "pct2ResTime" : 1734.0,
    "pct3ResTime" : 1734.0,
    "throughput" : 0.27679106887484434,
    "receivedKBytesPerSec" : 1.5001409183697005,
    "sentKBytesPerSec" : 0.031355238270978456
  },
  "/auth" : {
    "transaction" : "/auth",
    "sampleCount" : 7,
    "errorCount" : 6,
    "errorPct" : 85.71429,
    "meanResTime" : 1237.0,
    "medianResTime" : 1166.0,
    "minResTime" : 434.0,
    "maxResTime" : 2398.0,
    "pct1ResTime" : 2398.0,
    "pct2ResTime" : 2398.0,
    "pct3ResTime" : 2398.0,
    "throughput" : 0.2557918585105606,
    "receivedKBytesPerSec" : 1.3840523482606153,
    "sentKBytesPerSec" : 0.02897642147189944
  },
  "/add-trip" : {
    "transaction" : "/add-trip",
    "sampleCount" : 7,
    "errorCount" : 3,
    "errorPct" : 42.857143,
    "meanResTime" : 707.4285714285714,
    "medianResTime" : 496.0,
    "minResTime" : 381.0,
    "maxResTime" : 1660.0,
    "pct1ResTime" : 1660.0,
    "pct2ResTime" : 1660.0,
    "pct3ResTime" : 1660.0,
    "throughput" : 0.26250656266406663,
    "receivedKBytesPerSec" : 1.4141588891284782,
    "sentKBytesPerSec" : 0.030762487812195306
  },
  "Total" : {
    "transaction" : "Total",
    "sampleCount" : 32,
    "errorCount" : 19,
    "errorPct" : 59.375,
    "meanResTime" : 855.9687500000001,
    "medianResTime" : 725.5,
    "minResTime" : 367.0,
    "maxResTime" : 2398.0,
    "pct1ResTime" : 1711.8,
    "pct2ResTime" : 2203.649999999999,
    "pct3ResTime" : 2398.0,
    "throughput" : 1.0987878995982556,
    "receivedKBytesPerSec" : 5.94169690837139,
    "sentKBytesPerSec" : 0.1280264953816571
  },
  "/travel-persona" : {
    "transaction" : "/travel-persona",
    "sampleCount" : 6,
    "errorCount" : 4,
    "errorPct" : 66.666664,
    "meanResTime" : 892.3333333333334,
    "medianResTime" : 759.0,
    "minResTime" : 367.0,
    "maxResTime" : 2099.0,
    "pct1ResTime" : 2099.0,
    "pct2ResTime" : 2099.0,
    "pct3ResTime" : 2099.0,
    "throughput" : 0.2815447421519403,
    "receivedKBytesPerSec" : 1.5249881956501337,
    "sentKBytesPerSec" : 0.03464320069447703
  },
  "/profile" : {
    "transaction" : "/profile",
    "sampleCount" : 6,
    "errorCount" : 2,
    "errorPct" : 33.333332,
    "meanResTime" : 645.3333333333334,
    "medianResTime" : 450.0,
    "minResTime" : 371.0,
    "maxResTime" : 1147.0,
    "pct1ResTime" : 1147.0,
    "pct2ResTime" : 1147.0,
    "pct3ResTime" : 1147.0,
    "throughput" : 0.2944496245767287,
    "receivedKBytesPerSec" : 1.591820358124356,
    "sentKBytesPerSec" : 0.03421826691858468
  }
}