{
  "/plan" : {
    "transaction" : "/plan",
    "sampleCount" : 2679,
    "errorCount" : 206,
    "errorPct" : 7.6894364,
    "meanResTime" : 391.63083240014925,
    "medianResTime" : 286.0,
    "minResTime" : 223.0,
    "maxResTime" : 13674.0,
    "pct1ResTime" : 478.0,
    "pct2ResTime" : 849.0,
    "pct3ResTime" : 2552.999999999978,
    "throughput" : 5.039256921219052,
    "receivedKBytesPerSec" : 27.239426777471383,
    "sentKBytesPerSec" : 0.5708533231068458
  },
  "/auth" : {
    "transaction" : "/auth",
    "sampleCount" : 2721,
    "errorCount" : 945,
    "errorPct" : 34.729877,
    "meanResTime" : 864.7629547960299,
    "medianResTime" : 638.0,
    "minResTime" : 519.0,
    "maxResTime" : 12946.0,
    "pct1ResTime" : 1411.4000000000033,
    "pct2ResTime" : 1977.8000000000002,
    "pct3ResTime" : 4282.480000000023,
    "throughput" : 5.076634607311772,
    "receivedKBytesPerSec" : 27.428531115609577,
    "sentKBytesPerSec" : 0.5750875141095366
  },
  "/add-trip" : {
    "transaction" : "/add-trip",
    "sampleCount" : 6335,
    "errorCount" : 5516,
    "errorPct" : 87.07182,
    "meanResTime" : 799.9805840568242,
    "medianResTime" : 622.0,
    "minResTime" : 229.0,
    "maxResTime" : 14737.0,
    "pct1ResTime" : 1191.4000000000005,
    "pct2ResTime" : 1913.199999999997,
    "pct3ResTime" : 4121.480000000002,
    "throughput" : 11.769886184178745,
    "receivedKBytesPerSec" : 63.5880228344617,
    "sentKBytesPerSec" : 1.3792835372084467
  },
  "Total" : {
    "transaction" : "Total",
    "sampleCount" : 17996,
    "errorCount" : 8923,
    "errorPct" : 49.58324,
    "meanResTime" : 658.1231384752155,
    "medianResTime" : 578.0,
    "minResTime" : 222.0,
    "maxResTime" : 14737.0,
    "pct1ResTime" : 932.3000000000011,
    "pct2ResTime" : 1655.4499999999935,
    "pct3ResTime" : 3761.4799999999814,
    "throughput" : 33.43284913045982,
    "receivedKBytesPerSec" : 180.65390087836468,
    "sentKBytesPerSec" : 3.9131731830316583
  },
  "/travel-persona" : {
    "transaction" : "/travel-persona",
    "sampleCount" : 3607,
    "errorCount" : 1961,
    "errorPct" : 54.36651,
    "meanResTime" : 643.7028001108956,
    "medianResTime" : 561.0,
    "minResTime" : 222.0,
    "maxResTime" : 13781.0,
    "pct1ResTime" : 914.2000000000003,
    "pct2ResTime" : 1654.1999999999998,
    "pct3ResTime" : 3846.5600000000068,
    "throughput" : 6.714932766898564,
    "receivedKBytesPerSec" : 36.28251083881276,
    "sentKBytesPerSec" : 0.826251492801972
  },
  "/profile" : {
    "transaction" : "/profile",
    "sampleCount" : 2654,
    "errorCount" : 295,
    "errorPct" : 11.115297,
    "meanResTime" : 396.2592313489076,
    "medianResTime" : 286.0,
    "minResTime" : 226.0,
    "maxResTime" : 12055.0,
    "pct1ResTime" : 472.5,
    "pct2ResTime" : 884.5,
    "pct3ResTime" : 2559.1499999999587,
    "throughput" : 5.007178717037802,
    "receivedKBytesPerSec" : 27.061420760429893,
    "sentKBytesPerSec" : 0.5818889329370103
  }
}